,text
0,ที่ อาสา เป็นตัวแทน ของ ปชช ที่จะ เป็น ผู้นำ ที่ ได้ ต้อง ไม่ โกหก ต้อง ไม่ หลอกลวง ต้อง ไม่ ขี้อิจฉา ไม่มี คำสั่ง แบบ ไร้
1,ริน รมว พาณิชย์ เตรียม ประชุม ทางไกล ผู้ว่าฯ พาณิชย์ จังหวัด เกษตร จังหวัด ซักซ้อม ทำความเข้าใจ หลักเกณฑ์ วิธี ปฏิบัติ โครง
2,ภารกิจ เยือน อินเดีย วัน แรก ริน รมว พาณิชย์ ลุย เอ็มโอยู ไม้ ยางพารา เฟอร์นิเจอร์ สตาร์ท อัพ พร้อม ผนึก Bigbasket ซูเปอร์
3,เล่า อะไร ให้ ฟัง พ่อ เป็น ที่ ชอบ การเมือง มาก ตอน นี่ เด็ก ถูก พ่อ ว่า เพื่อ ไทย เป็น ไม่ดี เพราะ ไม่ รัก เจ้า คนดี คือ พรรค
4,เฉลิม ชัย รมว เกษตร ลุย อุบลฯ ที่ผ่านมา ช่วย เกษตรกร ฟื้นฟู เยียวยา ด่วน อ่าน ต่อ Demo
5,ริน รมว พาณิชย์ สุด ปลื้ม ผลสำเร็จ ภารกิจ เยือน อินเดีย ข้อตกลง MOU ซื้อขาย ยางพารา ยอด สั่งซื้อ รวม ตัน มูลค่า
6,สาธิต ตั้งเป้า ไทย สู่ การ เป็น SMART EOC อ่าน ต่อ DemocratPartyTH พรรคประชาธิปัตย์
7,ริน ไอติม จำปาดะ ผลผลิต การเรียน การสอน พร้อม เปิด อาคาร ศูนย์ วิทย บริการ เทคนิค พังงา อ่าน ต่อ
8,ริน รมว พาณิชย์ โชว์ ฟอร์ม ลุย ขาย ยาง อินเดีย แสน ตัน รวม ล้าน ภารกิจ วัน สร้าง ยอดขาย หมื่น ล้าน ระบุ เป็น
9,ให้ ใบเหลือง กรุงศรี วิไล ทิน เผือก สุม ปราการ เขต พรรค พลัง ประชา รัฐ จาก กรณี บุคคล ใกล้ชิด ใส่ ซอง ช่วย งานศพ ต้อง เลือก
10,ริน ลุย จีน อินเดีย เอกชน ขายของ เพิ่ม ส่งออก สินค้า เกษตร บริการ อ่าน ต่อ ที่มา มติชน
11,ข้อความ ตอน หนึ่ง คอลัมน์ เส้น ใต้ บรรทัด ของ ผู้เขียน จิต บุษบา นสพ แนวหน้า ชื่นชม การทำงาน ของ
12,เจ๋ง จริง ริน ทัพ ขาย มันสำปะหลัง กวาง รวดเดียว ล้าน ตัน ล้าน บาท เจรจา การค้า ชื่นมื่น โอกาส เดินทาง ร่วม
13,รมว พื้นที่ มอบ ถุง ยังชีพ แก่ ผู้ประสบอุทกภัย สะพาน อ่าน ต่อ ที่มา เฟส บุ๊ค เรา รัก
14,เล่า อะไร ให้ ฟัง พ่อ เป็น ที่ ชอบ การเมือง มาก ตอน นี่ เด็ก ถูก พ่อ ว่า เพื่อ ไทย เป็น ไม่ดี เพราะ ไม่ รัก เจ้า คนดี คือ พรรค
15,เฉลิม ชัย ย้ำ พร้อม เลิกใช้ สารพิษ ยัน ไร้ บริษัท ยักษ์ ใหญ่ ล็อบบี้ ชะลอ เรื่อง อ่าน ต่อ DemocratPar
