,Text
0,"RT @quote_wiwata: ประชาธิปไตยสำหรับเราคือประชาธิปไตยที่กินอิ่ม กินได้ โดยไม่ต้องแก้รัฐธรรมนูญ

วทันยา วงษ์โอภาสี, 28 ก.ย.62
พรรคพลังประชารั…"
1,"RT @quote_wiwata: ประชาธิปไตยสำหรับเราคือประชาธิปไตยที่กินอิ่ม กินได้ โดยไม่ต้องแก้รัฐธรรมนูญ

วทันยา วงษ์โอภาสี, 28 ก.ย.62
พรรคพลังประชารั…"
2,"RT @quote_wiwata: ประชาธิปไตยสำหรับเราคือประชาธิปไตยที่กินอิ่ม กินได้ โดยไม่ต้องแก้รัฐธรรมนูญ

วทันยา วงษ์โอภาสี, 28 ก.ย.62
พรรคพลังประชารั…"
3,RT @tanawatofficial: เข้าใจว่ามาดามเดียร์ได้ประโยชน์จาก รธน.ฉบับนี้ ได้เป็น ส.ส. ก็เพราะสูตรคำนวณพิสดารของ กกต. ถ้าหากไม่มี รธน.ฉบับนี้ คุณ…
4,RT @tanawatofficial: เข้าใจว่ามาดามเดียร์ได้ประโยชน์จาก รธน.ฉบับนี้ ได้เป็น ส.ส. ก็เพราะสูตรคำนวณพิสดารของ กกต. ถ้าหากไม่มี รธน.ฉบับนี้ คุณ…
5,"RT @quote_wiwata: ประชาธิปไตยสำหรับเราคือประชาธิปไตยที่กินอิ่ม กินได้ โดยไม่ต้องแก้รัฐธรรมนูญ

วทันยา วงษ์โอภาสี, 28 ก.ย.62
พรรคพลังประชารั…"
6,RT @tanawatofficial: เข้าใจว่ามาดามเดียร์ได้ประโยชน์จาก รธน.ฉบับนี้ ได้เป็น ส.ส. ก็เพราะสูตรคำนวณพิสดารของ กกต. ถ้าหากไม่มี รธน.ฉบับนี้ คุณ…
7,"RT @quote_wiwata: ประชาธิปไตยสำหรับเราคือประชาธิปไตยที่กินอิ่ม กินได้ โดยไม่ต้องแก้รัฐธรรมนูญ

วทันยา วงษ์โอภาสี, 28 ก.ย.62
พรรคพลังประชารั…"
8,RT @tanawatofficial: เข้าใจว่ามาดามเดียร์ได้ประโยชน์จาก รธน.ฉบับนี้ ได้เป็น ส.ส. ก็เพราะสูตรคำนวณพิสดารของ กกต. ถ้าหากไม่มี รธน.ฉบับนี้ คุณ…
9,RT @tanawatofficial: เข้าใจว่ามาดามเดียร์ได้ประโยชน์จาก รธน.ฉบับนี้ ได้เป็น ส.ส. ก็เพราะสูตรคำนวณพิสดารของ กกต. ถ้าหากไม่มี รธน.ฉบับนี้ คุณ…
10,RT @tanawatofficial: เข้าใจว่ามาดามเดียร์ได้ประโยชน์จาก รธน.ฉบับนี้ ได้เป็น ส.ส. ก็เพราะสูตรคำนวณพิสดารของ กกต. ถ้าหากไม่มี รธน.ฉบับนี้ คุณ…
11,"(2) ที่สำคัญสุด รมต. ของรัฐบาลเองออกมาบอกว่า ""รัฐธรรมนูยญฉบับนี้ออกแบบมาเพื่อพวกเรา"" ส.ส. พรรครัฐบาลเองก็บอกว่า ออก… https://t.co/dig0stdyvZ"
12,RT @tanawatofficial: เข้าใจว่ามาดามเดียร์ได้ประโยชน์จาก รธน.ฉบับนี้ ได้เป็น ส.ส. ก็เพราะสูตรคำนวณพิสดารของ กกต. ถ้าหากไม่มี รธน.ฉบับนี้ คุณ…
13,"RT @quote_wiwata: ประชาธิปไตยสำหรับเราคือประชาธิปไตยที่กินอิ่ม กินได้ โดยไม่ต้องแก้รัฐธรรมนูญ

วทันยา วงษ์โอภาสี, 28 ก.ย.62
พรรคพลังประชารั…"
14,"RT @quote_wiwata: ประชาธิปไตยสำหรับเราคือประชาธิปไตยที่กินอิ่ม กินได้ โดยไม่ต้องแก้รัฐธรรมนูญ

วทันยา วงษ์โอภาสี, 28 ก.ย.62
พรรคพลังประชารั…"
15,"RT @ueiao51: สิระบัตรเขย่ง
ปารีณาค้าอาวุธ
ธรรมนัสค้ายา
เดียร์เมียสื่อ
พุทธิพงศ์นกหวีด
อุตตมคดีกรุงไทย

คนดีๆทั้งนั้น
#พรรคพลังประชารัฐ"
16,"RT @ueiao51: สิระบัตรเขย่ง
ปารีณาค้าอาวุธ
ธรรมนัสค้ายา
เดียร์เมียสื่อ
พุทธิพงศ์นกหวีด
อุตตมคดีกรุงไทย

คนดีๆทั้งนั้น
#พรรคพลังประชารัฐ"
17,สมาชิกพลังประชารัฐภาคใต้ ร่วมประชุมครั้งที่ 2 ที่จังหวัดสุราษฎร์ธานีโดยมีสมาชิกผู้สมัครในพื้นที่ทุกเขตการเลือกตั้งใ… https://t.co/Gg35EAxb5p
18,"จับได้แล้วคนร้ายบุกบ้าน ส.ส. พปชร. แม่ฮ่องสอน อ้างเมาจำไม่ได้
https://t.co/0DJirw4NYc
#PPTVHD36 #PPTVNews #ช่อง36… https://t.co/epqQn3lb2m"
19,"ซื้อมาอ่าน!!! แล้วเอาไปจัดการทีมรัฐบาลและพรรคพลังฯด้วยจ้า #PrayutGetOut #พรรคพลังประชารัฐ 
https://t.co/xNf7qSEGfY https://t.co/4e3KyhB4ce"
20,RT @edok09: เอาเป็นว่า ดิฉัน ไม่ด่าประยุทธ์ ไม่ด่า #พรรคพลังประชารัฐ นะคะ เพราะดิฉันไม่ได้เลือกเขามา แต่ดิฉันจะด่า #พรรคประชาธิปัตย์ เพราะ…
21,RT @edok09: เอาเป็นว่า ดิฉัน ไม่ด่าประยุทธ์ ไม่ด่า #พรรคพลังประชารัฐ นะคะ เพราะดิฉันไม่ได้เลือกเขามา แต่ดิฉันจะด่า #พรรคประชาธิปัตย์ เพราะ…
22,RT @edok09: เอาเป็นว่า ดิฉัน ไม่ด่าประยุทธ์ ไม่ด่า #พรรคพลังประชารัฐ นะคะ เพราะดิฉันไม่ได้เลือกเขามา แต่ดิฉันจะด่า #พรรคประชาธิปัตย์ เพราะ…
23,เอาเป็นว่า ดิฉัน ไม่ด่าประยุทธ์ ไม่ด่า #พรรคพลังประชารัฐ นะคะ เพราะดิฉันไม่ได้เลือกเขามา แต่ดิฉันจะด่า… https://t.co/fOWUA90rQU
24,RT @_oilve: เขาได้ส.ส.จากการเลือกของประชาชน คุณจะมาเหยี่ยดเขาเพราะเขาไม่ได้สวยไม่ได้สาวเเบบนี้หรอ ยังเป็นผู้ชายอยู่ใช่มั้ย #เลือกตั้งซ่อม #…
25,"RT @BLACKS_MERMAID: No comment.!!! ทำไมชอบโชว์โง่ซ้ำแล้วซ้ำเล่า คุณสมบัติการเป็น สส. #พรรคพลังประชารัฐ คืออะไรเหรอ??!!

#เอ๋ปารีณา #ปารีณาไ…"
26,"RT @katchata_peat: พปชร. งานเข้า!!!

กกต.แจกใบเหลือง ""กรุงศรีวิไล"" หลังคนใกล้ชิดใส่ซองงานศพ ส่อขัด พรป.เลือกตั้ง ม.73(1) ให้ทรัพย์/ประโยชน์…"
27,"RT @katchata_peat: พปชร. งานเข้า!!!

กกต.แจกใบเหลือง ""กรุงศรีวิไล"" หลังคนใกล้ชิดใส่ซองงานศพ ส่อขัด พรป.เลือกตั้ง ม.73(1) ให้ทรัพย์/ประโยชน์…"
28,"RT @katchata_peat: พปชร. งานเข้า!!!

กกต.แจกใบเหลือง ""กรุงศรีวิไล"" หลังคนใกล้ชิดใส่ซองงานศพ ส่อขัด พรป.เลือกตั้ง ม.73(1) ให้ทรัพย์/ประโยชน์…"
29,"พูดเอาดีใส่ตัว  พูดเอาชั่วใส่คนอื่น
#พรรคเพื่อไทย #พรรคอนาคตใหม่ #พรรคพลังประชารัฐ #แดงส้มออกไป #กูรูรอบโลก https://t.co/e0gLElBsaV"
30,RT @MatichonOnline: รองโฆษก อนค. อัด “บิ๊กป้อม” ไม่ละอาย ซื้องูเห่าเข้าพรรค เหน็บ อย่าเคยชินกับของเพื่อน #พรรคอนาคตใหม่ #พรรคพลังประชารัฐ #…
31,"RT @katchata_peat: พปชร. งานเข้า!!!

กกต.แจกใบเหลือง ""กรุงศรีวิไล"" หลังคนใกล้ชิดใส่ซองงานศพ ส่อขัด พรป.เลือกตั้ง ม.73(1) ให้ทรัพย์/ประโยชน์…"
32,"RT @katchata_peat: พปชร. งานเข้า!!!

กกต.แจกใบเหลือง ""กรุงศรีวิไล"" หลังคนใกล้ชิดใส่ซองงานศพ ส่อขัด พรป.เลือกตั้ง ม.73(1) ให้ทรัพย์/ประโยชน์…"
33,RT @MatichonOnline: รองโฆษก อนค. อัด “บิ๊กป้อม” ไม่ละอาย ซื้องูเห่าเข้าพรรค เหน็บ อย่าเคยชินกับของเพื่อน #พรรคอนาคตใหม่ #พรรคพลังประชารัฐ #…
34,"RT @katchata_peat: พปชร. งานเข้า!!!

กกต.แจกใบเหลือง ""กรุงศรีวิไล"" หลังคนใกล้ชิดใส่ซองงานศพ ส่อขัด พรป.เลือกตั้ง ม.73(1) ให้ทรัพย์/ประโยชน์…"
35,"RT @drkamanouch: โกหกอะไร ไม่เท่าโกหกตัวเอง @prayutofficial @DrNarumonP
รถ กพ 1177 ชัดเจนนะว่าเกี่ยวกับนายกยังไง และถามอีกอย่างนึง ท่านไปรา…"
36,"RT @katchata_peat: พปชร. งานเข้า!!!

กกต.แจกใบเหลือง ""กรุงศรีวิไล"" หลังคนใกล้ชิดใส่ซองงานศพ ส่อขัด พรป.เลือกตั้ง ม.73(1) ให้ทรัพย์/ประโยชน์…"
37,"RT @drkamanouch: โกหกอะไร ไม่เท่าโกหกตัวเอง @prayutofficial @DrNarumonP
รถ กพ 1177 ชัดเจนนะว่าเกี่ยวกับนายกยังไง และถามอีกอย่างนึง ท่านไปรา…"
38,"RT @katchata_peat: พปชร. งานเข้า!!!

กกต.แจกใบเหลือง ""กรุงศรีวิไล"" หลังคนใกล้ชิดใส่ซองงานศพ ส่อขัด พรป.เลือกตั้ง ม.73(1) ให้ทรัพย์/ประโยชน์…"
39,"RT @drkamanouch: โกหกอะไร ไม่เท่าโกหกตัวเอง @prayutofficial @DrNarumonP
รถ กพ 1177 ชัดเจนนะว่าเกี่ยวกับนายกยังไง และถามอีกอย่างนึง ท่านไปรา…"
40,"RT @drkamanouch: โกหกอะไร ไม่เท่าโกหกตัวเอง @prayutofficial @DrNarumonP
รถ กพ 1177 ชัดเจนนะว่าเกี่ยวกับนายกยังไง และถามอีกอย่างนึง ท่านไปรา…"
41,"RT @katchata_peat: พปชร. งานเข้า!!!

กกต.แจกใบเหลือง ""กรุงศรีวิไล"" หลังคนใกล้ชิดใส่ซองงานศพ ส่อขัด พรป.เลือกตั้ง ม.73(1) ให้ทรัพย์/ประโยชน์…"
42,"RT @katchata_peat: พปชร. งานเข้า!!!

กกต.แจกใบเหลือง ""กรุงศรีวิไล"" หลังคนใกล้ชิดใส่ซองงานศพ ส่อขัด พรป.เลือกตั้ง ม.73(1) ให้ทรัพย์/ประโยชน์…"
43,"RT @katchata_peat: พปชร. งานเข้า!!!

กกต.แจกใบเหลือง ""กรุงศรีวิไล"" หลังคนใกล้ชิดใส่ซองงานศพ ส่อขัด พรป.เลือกตั้ง ม.73(1) ให้ทรัพย์/ประโยชน์…"
44,"RT @katchata_peat: พปชร. งานเข้า!!!

กกต.แจกใบเหลือง ""กรุงศรีวิไล"" หลังคนใกล้ชิดใส่ซองงานศพ ส่อขัด พรป.เลือกตั้ง ม.73(1) ให้ทรัพย์/ประโยชน์…"
45,"RT @katchata_peat: พปชร. งานเข้า!!!

กกต.แจกใบเหลือง ""กรุงศรีวิไล"" หลังคนใกล้ชิดใส่ซองงานศพ ส่อขัด พรป.เลือกตั้ง ม.73(1) ให้ทรัพย์/ประโยชน์…"
46,"RT @katchata_peat: พปชร. งานเข้า!!!

กกต.แจกใบเหลือง ""กรุงศรีวิไล"" หลังคนใกล้ชิดใส่ซองงานศพ ส่อขัด พรป.เลือกตั้ง ม.73(1) ให้ทรัพย์/ประโยชน์…"
47,"RT @katchata_peat: พปชร. งานเข้า!!!

กกต.แจกใบเหลือง ""กรุงศรีวิไล"" หลังคนใกล้ชิดใส่ซองงานศพ ส่อขัด พรป.เลือกตั้ง ม.73(1) ให้ทรัพย์/ประโยชน์…"
48,"RT @katchata_peat: พปชร. งานเข้า!!!

กกต.แจกใบเหลือง ""กรุงศรีวิไล"" หลังคนใกล้ชิดใส่ซองงานศพ ส่อขัด พรป.เลือกตั้ง ม.73(1) ให้ทรัพย์/ประโยชน์…"
49,RT @MatichonOnline: รองโฆษก อนค. อัด “บิ๊กป้อม” ไม่ละอาย ซื้องูเห่าเข้าพรรค เหน็บ อย่าเคยชินกับของเพื่อน #พรรคอนาคตใหม่ #พรรคพลังประชารัฐ #…
50,"RT @katchata_peat: พปชร. งานเข้า!!!

กกต.แจกใบเหลือง ""กรุงศรีวิไล"" หลังคนใกล้ชิดใส่ซองงานศพ ส่อขัด พรป.เลือกตั้ง ม.73(1) ให้ทรัพย์/ประโยชน์…"
51,"RT @katchata_peat: พปชร. งานเข้า!!!

กกต.แจกใบเหลือง ""กรุงศรีวิไล"" หลังคนใกล้ชิดใส่ซองงานศพ ส่อขัด พรป.เลือกตั้ง ม.73(1) ให้ทรัพย์/ประโยชน์…"
52,"RT @katchata_peat: พปชร. งานเข้า!!!

กกต.แจกใบเหลือง ""กรุงศรีวิไล"" หลังคนใกล้ชิดใส่ซองงานศพ ส่อขัด พรป.เลือกตั้ง ม.73(1) ให้ทรัพย์/ประโยชน์…"
53,"RT @katchata_peat: พปชร. งานเข้า!!!

กกต.แจกใบเหลือง ""กรุงศรีวิไล"" หลังคนใกล้ชิดใส่ซองงานศพ ส่อขัด พรป.เลือกตั้ง ม.73(1) ให้ทรัพย์/ประโยชน์…"
54,"RT @katchata_peat: พปชร. งานเข้า!!!

กกต.แจกใบเหลือง ""กรุงศรีวิไล"" หลังคนใกล้ชิดใส่ซองงานศพ ส่อขัด พรป.เลือกตั้ง ม.73(1) ให้ทรัพย์/ประโยชน์…"
55,"RT @katchata_peat: พปชร. งานเข้า!!!

กกต.แจกใบเหลือง ""กรุงศรีวิไล"" หลังคนใกล้ชิดใส่ซองงานศพ ส่อขัด พรป.เลือกตั้ง ม.73(1) ให้ทรัพย์/ประโยชน์…"
56,"RT @katchata_peat: พปชร. งานเข้า!!!

กกต.แจกใบเหลือง ""กรุงศรีวิไล"" หลังคนใกล้ชิดใส่ซองงานศพ ส่อขัด พรป.เลือกตั้ง ม.73(1) ให้ทรัพย์/ประโยชน์…"
57,"RT @katchata_peat: พปชร. งานเข้า!!!

กกต.แจกใบเหลือง ""กรุงศรีวิไล"" หลังคนใกล้ชิดใส่ซองงานศพ ส่อขัด พรป.เลือกตั้ง ม.73(1) ให้ทรัพย์/ประโยชน์…"
58,"RT @katchata_peat: พปชร. งานเข้า!!!

กกต.แจกใบเหลือง ""กรุงศรีวิไล"" หลังคนใกล้ชิดใส่ซองงานศพ ส่อขัด พรป.เลือกตั้ง ม.73(1) ให้ทรัพย์/ประโยชน์…"
59,"RT @katchata_peat: พปชร. งานเข้า!!!

กกต.แจกใบเหลือง ""กรุงศรีวิไล"" หลังคนใกล้ชิดใส่ซองงานศพ ส่อขัด พรป.เลือกตั้ง ม.73(1) ให้ทรัพย์/ประโยชน์…"
60,"RT @katchata_peat: พปชร. งานเข้า!!!

กกต.แจกใบเหลือง ""กรุงศรีวิไล"" หลังคนใกล้ชิดใส่ซองงานศพ ส่อขัด พรป.เลือกตั้ง ม.73(1) ให้ทรัพย์/ประโยชน์…"
61,"RT @katchata_peat: พปชร. งานเข้า!!!

กกต.แจกใบเหลือง ""กรุงศรีวิไล"" หลังคนใกล้ชิดใส่ซองงานศพ ส่อขัด พรป.เลือกตั้ง ม.73(1) ให้ทรัพย์/ประโยชน์…"
62,"RT @katchata_peat: พปชร. งานเข้า!!!

กกต.แจกใบเหลือง ""กรุงศรีวิไล"" หลังคนใกล้ชิดใส่ซองงานศพ ส่อขัด พรป.เลือกตั้ง ม.73(1) ให้ทรัพย์/ประโยชน์…"
63,"RT @katchata_peat: พปชร. งานเข้า!!!

กกต.แจกใบเหลือง ""กรุงศรีวิไล"" หลังคนใกล้ชิดใส่ซองงานศพ ส่อขัด พรป.เลือกตั้ง ม.73(1) ให้ทรัพย์/ประโยชน์…"
64,"RT @katchata_peat: พปชร. งานเข้า!!!

กกต.แจกใบเหลือง ""กรุงศรีวิไล"" หลังคนใกล้ชิดใส่ซองงานศพ ส่อขัด พรป.เลือกตั้ง ม.73(1) ให้ทรัพย์/ประโยชน์…"
65,"RT @katchata_peat: พปชร. งานเข้า!!!

กกต.แจกใบเหลือง ""กรุงศรีวิไล"" หลังคนใกล้ชิดใส่ซองงานศพ ส่อขัด พรป.เลือกตั้ง ม.73(1) ให้ทรัพย์/ประโยชน์…"
66,"RT @PracharathSoBad: * ข้อมูลนี้โปรดใช้วิจารณญาณนะคะ

มีผู้ส่งข้อมูลมาทาง DM เกี่ยวกับการซื้อเสียงของ #พรรคพลังประชารัฐ พื้นที่เขต 6 สมุทรป…"
67,"RT @katchata_peat: พปชร. งานเข้า!!!

กกต.แจกใบเหลือง ""กรุงศรีวิไล"" หลังคนใกล้ชิดใส่ซองงานศพ ส่อขัด พรป.เลือกตั้ง ม.73(1) ให้ทรัพย์/ประโยชน์…"
68,"RT @katchata_peat: พปชร. งานเข้า!!!

กกต.แจกใบเหลือง ""กรุงศรีวิไล"" หลังคนใกล้ชิดใส่ซองงานศพ ส่อขัด พรป.เลือกตั้ง ม.73(1) ให้ทรัพย์/ประโยชน์…"
69,"RT @katchata_peat: พปชร. งานเข้า!!!

กกต.แจกใบเหลือง ""กรุงศรีวิไล"" หลังคนใกล้ชิดใส่ซองงานศพ ส่อขัด พรป.เลือกตั้ง ม.73(1) ให้ทรัพย์/ประโยชน์…"
70,"RT @katchata_peat: พปชร. งานเข้า!!!

กกต.แจกใบเหลือง ""กรุงศรีวิไล"" หลังคนใกล้ชิดใส่ซองงานศพ ส่อขัด พรป.เลือกตั้ง ม.73(1) ให้ทรัพย์/ประโยชน์…"
71,"RT @katchata_peat: พปชร. งานเข้า!!!

กกต.แจกใบเหลือง ""กรุงศรีวิไล"" หลังคนใกล้ชิดใส่ซองงานศพ ส่อขัด พรป.เลือกตั้ง ม.73(1) ให้ทรัพย์/ประโยชน์…"
72,"RT @katchata_peat: พปชร. งานเข้า!!!

กกต.แจกใบเหลือง ""กรุงศรีวิไล"" หลังคนใกล้ชิดใส่ซองงานศพ ส่อขัด พรป.เลือกตั้ง ม.73(1) ให้ทรัพย์/ประโยชน์…"
73,"RT @katchata_peat: พปชร. งานเข้า!!!

กกต.แจกใบเหลือง ""กรุงศรีวิไล"" หลังคนใกล้ชิดใส่ซองงานศพ ส่อขัด พรป.เลือกตั้ง ม.73(1) ให้ทรัพย์/ประโยชน์…"
74,"RT @katchata_peat: พปชร. งานเข้า!!!

กกต.แจกใบเหลือง ""กรุงศรีวิไล"" หลังคนใกล้ชิดใส่ซองงานศพ ส่อขัด พรป.เลือกตั้ง ม.73(1) ให้ทรัพย์/ประโยชน์…"
75,"RT @katchata_peat: พปชร. งานเข้า!!!

กกต.แจกใบเหลือง ""กรุงศรีวิไล"" หลังคนใกล้ชิดใส่ซองงานศพ ส่อขัด พรป.เลือกตั้ง ม.73(1) ให้ทรัพย์/ประโยชน์…"
76,"RT @katchata_peat: พปชร. งานเข้า!!!

กกต.แจกใบเหลือง ""กรุงศรีวิไล"" หลังคนใกล้ชิดใส่ซองงานศพ ส่อขัด พรป.เลือกตั้ง ม.73(1) ให้ทรัพย์/ประโยชน์…"
77,พรรคเหี้ยนี่ทุเรสจริงๆ แค่มีอีดอกปารีณาก็ระยำตำบอนสุดๆละ #ปารีณาไกรคุปต์  #ปารีณาค้าอาวุธ #อีเอ๋หนักแผ่นดิน #อีเอ๋อีเหี้ย #พรรคพลังประชารัฐ
78,"RT @katchata_peat: พปชร. งานเข้า!!!

กกต.แจกใบเหลือง ""กรุงศรีวิไล"" หลังคนใกล้ชิดใส่ซองงานศพ ส่อขัด พรป.เลือกตั้ง ม.73(1) ให้ทรัพย์/ประโยชน์…"
79,"RT @katchata_peat: พปชร. งานเข้า!!!

กกต.แจกใบเหลือง ""กรุงศรีวิไล"" หลังคนใกล้ชิดใส่ซองงานศพ ส่อขัด พรป.เลือกตั้ง ม.73(1) ให้ทรัพย์/ประโยชน์…"
80,"RT @katchata_peat: พปชร. งานเข้า!!!

กกต.แจกใบเหลือง ""กรุงศรีวิไล"" หลังคนใกล้ชิดใส่ซองงานศพ ส่อขัด พรป.เลือกตั้ง ม.73(1) ให้ทรัพย์/ประโยชน์…"
81,"RT @katchata_peat: พปชร. งานเข้า!!!

กกต.แจกใบเหลือง ""กรุงศรีวิไล"" หลังคนใกล้ชิดใส่ซองงานศพ ส่อขัด พรป.เลือกตั้ง ม.73(1) ให้ทรัพย์/ประโยชน์…"
82,RT @MatichonOnline: รองโฆษก อนค. อัด “บิ๊กป้อม” ไม่ละอาย ซื้องูเห่าเข้าพรรค เหน็บ อย่าเคยชินกับของเพื่อน #พรรคอนาคตใหม่ #พรรคพลังประชารัฐ #…
83,"RT @katchata_peat: พปชร. งานเข้า!!!

กกต.แจกใบเหลือง ""กรุงศรีวิไล"" หลังคนใกล้ชิดใส่ซองงานศพ ส่อขัด พรป.เลือกตั้ง ม.73(1) ให้ทรัพย์/ประโยชน์…"
84,"RT @katchata_peat: พปชร. งานเข้า!!!

กกต.แจกใบเหลือง ""กรุงศรีวิไล"" หลังคนใกล้ชิดใส่ซองงานศพ ส่อขัด พรป.เลือกตั้ง ม.73(1) ให้ทรัพย์/ประโยชน์…"
85,"RT @katchata_peat: พปชร. งานเข้า!!!

กกต.แจกใบเหลือง ""กรุงศรีวิไล"" หลังคนใกล้ชิดใส่ซองงานศพ ส่อขัด พรป.เลือกตั้ง ม.73(1) ให้ทรัพย์/ประโยชน์…"
86,"RT @katchata_peat: พปชร. งานเข้า!!!

กกต.แจกใบเหลือง ""กรุงศรีวิไล"" หลังคนใกล้ชิดใส่ซองงานศพ ส่อขัด พรป.เลือกตั้ง ม.73(1) ให้ทรัพย์/ประโยชน์…"
87,"RT @katchata_peat: พปชร. งานเข้า!!!

กกต.แจกใบเหลือง ""กรุงศรีวิไล"" หลังคนใกล้ชิดใส่ซองงานศพ ส่อขัด พรป.เลือกตั้ง ม.73(1) ให้ทรัพย์/ประโยชน์…"
88,"RT @katchata_peat: พปชร. งานเข้า!!!

กกต.แจกใบเหลือง ""กรุงศรีวิไล"" หลังคนใกล้ชิดใส่ซองงานศพ ส่อขัด พรป.เลือกตั้ง ม.73(1) ให้ทรัพย์/ประโยชน์…"
89,"พปชร. งานเข้า!!!

กกต.แจกใบเหลือง ""กรุงศรีวิไล"" หลังคนใกล้ชิดใส่ซองงานศพ ส่อขัด พรป.เลือกตั้ง ม.73(1) ให้ทรัพย์/ประ… https://t.co/x4KkcWV5cO"
90,RT @MatichonOnline: รองโฆษก อนค. อัด “บิ๊กป้อม” ไม่ละอาย ซื้องูเห่าเข้าพรรค เหน็บ อย่าเคยชินกับของเพื่อน #พรรคอนาคตใหม่ #พรรคพลังประชารัฐ #…
91,RT @MatichonOnline: รองโฆษก อนค. อัด “บิ๊กป้อม” ไม่ละอาย ซื้องูเห่าเข้าพรรค เหน็บ อย่าเคยชินกับของเพื่อน #พรรคอนาคตใหม่ #พรรคพลังประชารัฐ #…
92,"""อนค."" ซัด ""พปชร."" ไม่ตกผลึกหลังรับสาร ปม ""ธนาธร"" เลื่อนโอนทรัพย์สินเข้าบลายด์ทรัสต์  | สยามรัฐ… https://t.co/jqFmRm7pCE"
93,RT @MatichonOnline: รองโฆษก อนค. อัด “บิ๊กป้อม” ไม่ละอาย ซื้องูเห่าเข้าพรรค เหน็บ อย่าเคยชินกับของเพื่อน #พรรคอนาคตใหม่ #พรรคพลังประชารัฐ #…
94,RT @MatichonOnline: รองโฆษก อนค. อัด “บิ๊กป้อม” ไม่ละอาย ซื้องูเห่าเข้าพรรค เหน็บ อย่าเคยชินกับของเพื่อน #พรรคอนาคตใหม่ #พรรคพลังประชารัฐ #…
95,RT @MatichonOnline: รองโฆษก อนค. อัด “บิ๊กป้อม” ไม่ละอาย ซื้องูเห่าเข้าพรรค เหน็บ อย่าเคยชินกับของเพื่อน #พรรคอนาคตใหม่ #พรรคพลังประชารัฐ #…
96,"RT @drkamanouch: โกหกอะไร ไม่เท่าโกหกตัวเอง @prayutofficial @DrNarumonP
รถ กพ 1177 ชัดเจนนะว่าเกี่ยวกับนายกยังไง และถามอีกอย่างนึง ท่านไปรา…"
97,"โกหกอะไร ไม่เท่าโกหกตัวเอง @prayutofficial @DrNarumonP
รถ กพ 1177 ชัดเจนนะว่าเกี่ยวกับนายกยังไง และถามอีกอย่างนึง… https://t.co/yiSVBEtbPO"
98,RT @MatichonOnline: รองโฆษก อนค. อัด “บิ๊กป้อม” ไม่ละอาย ซื้องูเห่าเข้าพรรค เหน็บ อย่าเคยชินกับของเพื่อน #พรรคอนาคตใหม่ #พรรคพลังประชารัฐ #…
99,รองโฆษก อนค. อัด “บิ๊กป้อม” ไม่ละอาย ซื้องูเห่าเข้าพรรค เหน็บ อย่าเคยชินกับของเพื่อน #พรรคอนาคตใหม่… https://t.co/8Y3VVdMu8F
100,“บิ๊กป้อม” ร่วมท้า “หญิงหน่อย” มีคลิป พปชร. เพาะฟาร์มงูเห่า “ก็เอาออกมาดิ” #สสงูเห่า #บิ๊กป้อม #พรรคพลังประชารัฐ… https://t.co/N0EmZlFRSP
101,RT @MatichonOnline: “สนธิรัตน์” รับ พปชร.คุย ส.ส. เพื่อไทย ปัดดีล ย้ายขั้วสนับสนุนรัฐบาล แย้ม ต้องรอดู #สส #งูเห่า #คลิปแฉ #พรรคพลังประชารั…
102,RT @MatichonOnline: 09.00 INDEX สถานการณ์ “งูเห่า” การเมือง อาการ โรครัฐธรรมนูญอักเสบ #งูเห่า #สส #รัฐบาล #ฝ่ายค้าน #พรรคพลังประชารัฐ #พรรค…
103,"RT @PracharathSoBad: เขาอ่านเกมออกไงว่าคนไทยชอบของฟรี ยิ่งถ้าเป็นแจกเงินด้วยยิ่งชอบ

ไม่แปลกหรอกที่ #พรรคพลังประชารัฐ #PPRP จะใช้วิธีนี้ซื้…"
104,"RT @PracharathSoBad: เขาอ่านเกมออกไงว่าคนไทยชอบของฟรี ยิ่งถ้าเป็นแจกเงินด้วยยิ่งชอบ

ไม่แปลกหรอกที่ #พรรคพลังประชารัฐ #PPRP จะใช้วิธีนี้ซื้…"
105,RT @MatichonOnline: “สมศักดิ์” ท้า “เจ๊หน่อย” มีคลิปดูด ส.ส.ให้รีบเปิด ยันไม่มีดีลย้ายขั้วแน่นอน #เปิดคลิป #สส #งูเห่า #ย้ายค่าย #พรรคพลังป…
106,RT @MatichonOnline: “สมศักดิ์” ท้า “เจ๊หน่อย” มีคลิปดูด ส.ส.ให้รีบเปิด ยันไม่มีดีลย้ายขั้วแน่นอน #เปิดคลิป #สส #งูเห่า #ย้ายค่าย #พรรคพลังป…
107,RT @MatichonOnline: “สมศักดิ์” ท้า “เจ๊หน่อย” มีคลิปดูด ส.ส.ให้รีบเปิด ยันไม่มีดีลย้ายขั้วแน่นอน #เปิดคลิป #สส #งูเห่า #ย้ายค่าย #พรรคพลังป…
108,“สมศักดิ์” ท้า “เจ๊หน่อย” มีคลิปดูด ส.ส.ให้รีบเปิด ยันไม่มีดีลย้ายขั้วแน่นอน #เปิดคลิป #สส #งูเห่า #ย้ายค่าย… https://t.co/cfcL40jtEg
109,อีปารีณาหีแตด ว่าเขาเลียไข่ มึงอะ อมควยเลียดากไอตู่จนแฉะแล้วอีเวร อีควายเอ้ย พ่อแม่มึงคงสอนให้ต่ำเนอะ อีกากี มีลูก… https://t.co/y4eDOqdk1g
110,RT @MatichonOnline: “สนธิรัตน์” รับ พปชร.คุย ส.ส. เพื่อไทย ปัดดีล ย้ายขั้วสนับสนุนรัฐบาล แย้ม ต้องรอดู #สส #งูเห่า #คลิปแฉ #พรรคพลังประชารั…
111,“สนธิรัตน์” รับ พปชร.คุย ส.ส. เพื่อไทย ปัดดีล ย้ายขั้วสนับสนุนรัฐบาล แย้ม ต้องรอดู #สส #งูเห่า #คลิปแฉ… https://t.co/GWFZ3qfRbF
112,RT @MatichonOnline: 09.00 INDEX สถานการณ์ “งูเห่า” การเมือง อาการ โรครัฐธรรมนูญอักเสบ #งูเห่า #สส #รัฐบาล #ฝ่ายค้าน #พรรคพลังประชารัฐ #พรรค…
113,RT @MatichonOnline: “บิ๊กป้อม” หัวเราะร่วน ปมดูด 14 “ส.ส.เพื่อไทย” ย้ำหากย้ายมาจริงก็เอา (คลิป) #พรรคพลังประชารัฐ #พรรคเพื่อไทย #สส #งูเห่า…
114,“บิ๊กป้อม” หัวเราะร่วน ปมดูด 14 “ส.ส.เพื่อไทย” ย้ำหากย้ายมาจริงก็เอา (คลิป) #พรรคพลังประชารัฐ #พรรคเพื่อไทย #สส… https://t.co/XqY6wtqRmo
115,RT @MatichonOnline: 09.00 INDEX สถานการณ์ “งูเห่า” การเมือง อาการ โรครัฐธรรมนูญอักเสบ #งูเห่า #สส #รัฐบาล #ฝ่ายค้าน #พรรคพลังประชารัฐ #พรรค…
116,09.00 INDEX สถานการณ์ “งูเห่า” การเมือง อาการ โรครัฐธรรมนูญอักเสบ #งูเห่า #สส #รัฐบาล #ฝ่ายค้าน #พรรคพลังประชารัฐ… https://t.co/Q32fzSJoQk
117,"RT @BLACKS_MERMAID: No comment.!!! ทำไมชอบโชว์โง่ซ้ำแล้วซ้ำเล่า คุณสมบัติการเป็น สส. #พรรคพลังประชารัฐ คืออะไรเหรอ??!!

#เอ๋ปารีณา #ปารีณาไ…"
118,RT @Pan101n0c0: การที่ สส.ท่านนี้โดนเหยียดชาติพันธุ์ ทำให้นึกถึงผู้ชายคนหนึ่ง คนที่ไม่เคยพูดหาเสียงให้ใครรัก แต่เน้นที่การกระทำ  คนที่ไม่…
119,"RT @PhacharaC: สงสารที่มาเจอมดดำ 
- แล้วไปเรียกคนเค้าว่าอีช่อนี่เป็นตัวอย่างที่ดีมะ  
-อย่าแถ รายการชื่อแฉ อย่าแถ  
-คุณพูด(คุณช่อ)ไม่เต็มป…"
120,RT @BeePunnakanta: เมื่อวานผมได้ไปมอบเกียรติบัตร แสดงความยินดีแก่น้องๆ ตัวแทนคนรุ่นใหม่ ในหลักสูตร PIP หลักสูตรที่ #พรรคพลังประชารัฐ สร้างส…
121,@Thairath_News #พรรคพลังประชารัฐ  ชอบใช้ปากทำงาน มากกว่ากว่ามือและสมอง
122,RT @PracharathSoBad: ชาวอุบลฝากถามประยุทธ์ ที่มาลงพื้นที่วันนี้ จัดงานต้อนรับใหญ่โต ถ้าเอาค่าเช่า ค่าจ้างคนจัดงาน มาซื้อข้าวสารอาหารแห้ง…
123,RT @INamKaa: #ธนาธร บอก การที่ #พรรคประชาธิปัตย์ ไปร่วมกับ #พรรคพลังประชารัฐ แล้วบอกว่ามีจุดยืนจะแก้รัฐธรรมนูญเพื่อหยุดยั้งการสืบทอดอำนาจเ…
